id,firstname,lastname,birthdate
23322,Jonh,Doe,12/03/2018 11:11:11
34322,Nonhssd,Doeasa,12/04/2018 11:11:11
55452,Ronhas,Doewew,12/05/2018 11:11:11
24222,Xonhcdc,Doexc,12/06/2018 11:11:11
65652,Jonhfsf,Zoecvcv,12/07/2018 11:11:11
78782,Lonhfb,Foeqaqa,12/08/2018 11:11:11
45432,Bonhik,Doeujuj,12/09/2018 11:11:11
23232,Jonheed,Woedbb,12/10/2018 11:11:11
36662,Jonhnhnh,Doemkmkm,12/11/2018 11:11:11
77672,Mxcxcnhnh,Doemkmkm,12/11/2018 11:11:11
34532,Casasnh,Qoemkmkm,12/11/2018 11:11:11
67672,Jonhnhnh,Doemkmkm,12/11/2018 11:11:11
98982,Qonhnhnh,Doemkmkm,12/04/2018 11:11:11
56562,Fonhnhnh,Noemkmkm,12/11/2018 11:11:11
34552,Jonhnhnh,Poemkmkm,12/11/2018 11:11:11
85852,Nonhnhnh,Moemkmkm,12/08/2018 11:11:11
49492,Jonhnhnh,Doemkmkm,12/11/2018 11:11:11
43552,Ponhnhn,Foemkmkm,12/09/2018 11:11:11
24252,Honhnhnh,Eoemkmkm,12/11/2018 11:11:11
78782,Monhnhnh,Doemkmkm,12/05/2018 11:11:11
37372,Oonhnhnh,Hoemkmkm,12/03/2018 11:11:11
27722,Jonhnhnh,Ooemkmkm,12/11/2018 11:11:11
